Reference,Value,Package,Description,Qty,Digi-Key Part #,Unit Price,Extended Price,Notes
"24V INPUT PROTECTION & FILTERING"
D1,1N4007,DO-41 THT,Rectifier Diode 1000V 1A,1,1N4007FS-ND,0.06,0.06,Reverse polarity protection
F1,10A Fuse,Radial 5mm,Fuse 10A 250V,1,F11A-ND,0.28,0.28,Input protection
C1,470µF 50V,Radial 8mm THT,Electrolytic Capacitor,1,P6153-ND,0.38,0.38,Bulk capacitor for 24V input

"24V RAIL DECOUPLING"
C2,100nF 50V,0805 SMD,Ceramic Capacitor,1,399-3690-1-ND,0.06,0.06,High-frequency filtering

"5V OUTPUT FILTERING (from buck converter module)"
C3,100µF 10V,1206 SMD,Ceramic Capacitor,1,399-13853-1-ND,0.32,0.32,Output bulk capacitor
C4,10µF 10V,1206 SMD,Ceramic Capacitor,1,399-8846-1-ND,0.16,0.16,Output mid-frequency
C5,100nF,0805 SMD,Ceramic Capacitor,1,399-3690-1-ND,0.06,0.06,Output high-frequency

"HALL EFFECT SENSORS (×6) - A3144E"
U1,A3144E,TO-92 THT,Hall Effect Sensor IC,6,A3144ELFS-ND,0.22,1.32,3-pin TO-92 package (6× for motor homing)

"HALL SENSOR PULL-UP RESISTORS (×6) - Open collector output needs pull-up"
R1-R6,10kΩ 1/4W,0805 SMD,Pull-up Resistor for Hall sensor output,6,RMCF0805FT10K0CT-ND,0.04,0.24,One per sensor (open-collector to 5V)

"HALL SENSOR POWER DECOUPLING (×6)"
C6-C11,100nF,0603 SMD,Ceramic Capacitor (sensor power bypass),6,399-5048-1-ND,0.04,0.24,One per sensor on VCC line

"OPTIONAL: HALL SENSOR OUTPUT DEBOUNCING (×6) - For noise immunity"
C12-C17,10nF,0603 SMD,Ceramic Capacitor (output filter),6,399-5094-1-ND,0.05,0.30,Optional debounce caps on sensor output

"SIGNAL INTEGRITY - STEP/DIR LINES (OPTIONAL)"
R7-R12,100Ω 1/4W,0805 SMD,Resistor - STEP/DIR series protection,6,RMCF0805FT100RCT-ND,0.04,0.24,Series resistor on signal lines

"SIGNAL INTEGRITY - STEP/DIR PULL-DOWN (OPTIONAL)"
R13-R18,10kΩ 1/4W,0805 SMD,Resistor - STEP/DIR pull-down,6,RMCF0805FT10K0CT-ND,0.04,0.24,Pull-down resistors to ground

"CONNECTORS"
J1,24V Input,2-pin 2.54mm,24V Power Input,1,455-2176-ND,2.12,2.12,Power supply connector
J2,Buck Converter,3-pin 2.54mm,Buck Converter Module Interface,1,S7002-ND,1.48,1.48,24V in, 5V out, GND
J3-J8,Stepper Module,3-pin 2.54mm,Stepper Driver Module Interface (×6),6,S7002-ND,1.48,8.88,24V, GND, STEP/DIR per module
J9-J14,Hall Sensor,3-pin 2.54mm,Hall Effect Sensor Connector (×6),6,S7002-ND,1.48,8.88,VCC (5V), GND, OUTPUT per sensor
J15,Pico Interface,40-pin 2.54mm,Raspberry Pi Pico Connector,1,S2011EC-40-ND,3.24,3.24,Pico microcontroller interface

"PCB FABRICATION"
PCB,Custom 2-layer PCB,80×100mm,GPS Clock with Hall Sensors,1,N/A,10.00,10.00,JLCPCB or PCBWay (external)

"TOTALS"
"Component Total from Digi-Key","","","","",,"",7.29,""
"With optional signal resistors","","","","",,"",7.77,""
"With optional debouncing caps","","","","",,"",8.07,""
"All components (recommended)","","","","",,"",8.07,""
"Estimated PCB cost (external)","","","","",,"",10.00,""
"Total system cost","","","","",,"",18.07,"Minimum"

"DETAILED NOTES"

"A3144E Hall Effect Sensor Specifications:"
"- Operating voltage: 3.3V to 24V (perfect for 5V logic)"
"- Output type: Open-collector (requires pull-up resistor)"
"- Output Low: <0.4V when magnet detected"
"- Output High: Pulled up by resistor (will be ~5V with 10kΩ pull-up)"
"- Package: TO-92 (standard 3-pin through-hole)"
"- Pin 1: VCC (power)"
"- Pin 2: GND (ground)"
"- Pin 3: OUTPUT (open-collector, to Pico GPIO)"

"Pull-up Resistor Function:"
"- 10kΩ resistor connects sensor OUTPUT pin to +5V rail"
"- When magnet present: Output pulls LOW (0V)"
"- When magnet absent: Output pulled HIGH by resistor (~5V)"
"- This creates clean digital signal for Pico to read"

"Debouncing Capacitors (Optional but Recommended):"
"- Mechanical vibration can cause multiple triggers"
"- 10nF capacitor on output filters high-frequency noise"
"- Improves reliability without firmware changes"

"GPIO Pin Assignments for Hall Sensors (from Configuration.h):"
"- Stepper 0 (Hours Tens) home: GPIO 13"
"- Stepper 1 (Hours Ones) home: GPIO 11"
"- Stepper 2 (Minutes Tens) home: GPIO 9"
"- Stepper 3 (Minutes Ones) home: GPIO 7"
"- Stepper 4 (Seconds Tens) home: GPIO 5"
"- Stepper 5 (Seconds Ones) home: GPIO 3"

"Wiring on PCB:"
"Each sensor connector pins:"
"  Pin 1 → +5V_RAIL (through 10nF bypass cap)"
"  Pin 2 → GND"
"  Pin 3 → 10kΩ pull-up to +5V, then to Pico GPIO"
"          (add 10nF debounce cap from GPIO to GND if desired)"

"Assembly Notes:"
"1. A3144E comes in TO-92 package (3 legs, bent)"
"2. Solder directly to PCB pads or use 3-pin headers"
"3. Orient sensor flat side facing motor magnet"
"4. Keep magnet ~5-10mm from sensor for reliable detection"
"5. Test each sensor with magnet before final assembly"

"Testing:"
"1. Measure voltage on sensor output with multimeter"
"2. Should read ~5V with no magnet"
"3. Should read ~0V when magnet brought near"
"4. If reversed, check pull-up resistor connection"

"Firmware Integration:"
"- Homing is already coded in firmware"
"- Set ENABLE_MOTOR_HOMING = 1 in Configuration.h"
"- Firmware will automatically home all motors on startup"
"- Motors move until hall sensor triggers, then verify position"

"Cost Comparison:"
"With hall sensors: $18.07 total"
"Without hall sensors: $10.70 total"
"Difference: $7.37 more for hardware homing"
"Value: Reliable zero-point detection, no calibration needed"

"Alternative Sensors (if A3144E unavailable):"
"- A3141E (lower sensitivity, for stronger magnets)"
"- A3145E (higher sensitivity, for weaker magnets)"
"- OH3030 (ratiometric output, more complex)"
"- A3216 (digital output, similar to A3144E)"
"A3144E is the sweet spot for most applications"
